Model,Accuracy,Precision,Recall,F1,ROC-AUC,Train Time (s),Inference Time (ms)
logistic_regression,0.9731182795698925,0.8658536585365854,0.9466666666666667,0.9044585987261147,0.9935403726708075,1.222559928894043,0.18645763397216797
svm,0.992831541218638,0.9863013698630136,0.96,0.972972972972973,0.9962732919254659,420.87381744384766,0.35472631454467773
random_forest,0.985663082437276,1.0,0.8933333333333333,0.9436619718309859,0.9928640441683921,2.531667947769165,0.4753279685974121
xgboost,0.9802867383512545,0.9210526315789473,0.9333333333333333,0.9271523178807947,0.9923809523809524,2.1563568115234375,0.5087757110595703
DistilBERT,0.992831541218638,1.0,0.9466666666666667,0.9726027397260274,0.9956107660455487,1795.0297107696533,107.54073264351027
